3D-Me,https://github.com/schacon/3D-Me,2014-04-10T21:53:58Z,public
aeon,https://github.com/schacon/aeon,2015-07-04T15:31:31Z,public
agitmemnon,https://github.com/schacon/agitmemnon,2019-07-14T17:02:27Z,public
agitmemnon-server,https://github.com/schacon/agitmemnon-server,2024-02-05T21:14:57Z,public
amp,https://github.com/schacon/amp,2017-06-29T22:21:55Z,public
aoc,https://github.com/schacon/aoc,2024-03-30T17:10:44Z,public
arel,https://github.com/schacon/arel,2017-06-29T22:21:55Z,public
article,https://github.com/schacon/article,2015-07-04T15:44:27Z,public
asciidoc_samples,https://github.com/schacon/asciidoc_samples,2014-09-22T19:16:09Z,public
asgit,https://github.com/schacon/asgit,2019-08-13T13:25:20Z,public
atlas-api,https://github.com/schacon/atlas-api,2023-07-25T13:53:33Z,public
benchwarmer,https://github.com/schacon/benchwarmer,2019-08-13T14:09:37Z,public
binary-code,https://github.com/schacon/binary-code,2016-01-22T15:16:47Z,public
blah,https://github.com/schacon/blah,2023-07-25T13:43:33Z,public
blink,https://github.com/schacon/blink,2024-04-03T19:36:08Z,public
bundler,https://github.com/schacon/bundler,2017-06-29T22:21:55Z,public
bup,https://github.com/schacon/bup,2015-07-04T15:19:15Z,public
calcdown,https://github.com/schacon/calcdown,2024-03-30T17:11:18Z,public
campyre,https://github.com/schacon/campyre,2021-01-24T00:51:58Z,public
chatterblog1,https://github.com/schacon/chatterblog1,2024-03-30T17:10:51Z,public
choosealicense.com,https://github.com/schacon/choosealicense.com,2023-03-09T11:32:14Z,public
chronic,https://github.com/schacon/chronic,2019-08-13T14:04:58Z,public
clippy,https://github.com/schacon/clippy,2017-06-12T00:21:24Z,public
cocoagit,https://github.com/schacon/cocoagit,2019-08-13T13:51:19Z,public
collabgit,https://github.com/schacon/collabgit,2013-10-27T15:03:30Z,public
cowsay,https://github.com/schacon/cowsay,2024-03-30T17:10:42Z,public
cucumber,https://github.com/schacon/cucumber,2019-08-13T14:03:36Z,public
dad_joke,https://github.com/schacon/dad_joke,2024-03-30T17:10:29Z,public
ddd,https://github.com/schacon/ddd,2019-08-06T19:53:43Z,public
directus,https://github.com/schacon/directus,2023-05-14T16:43:54Z,public
